{"cameraMode":{"drawMode":0,"name":"Shaded","section":"Shading Mode"},"sceneLighting":true,"audioPlay":false,"sceneViewState":{"m_AlwaysRefresh":false,"showFog":true,"showSkybox":true,"showFlares":true,"showImageEffects":true,"showParticleSystems":true,"showVisualEffectGraphs":true,"m_FxEnabled":true},"in2DMode":false,"pivot":{"x":37.75661849975586,"y":18.794652938842775,"z":22.298227310180665},"rotation":{"x":-0.05100174620747566,"y":0.9476302266120911,"z":-0.24631306529045106,"w":-0.19573529064655305},"size":1.1699765920639039,"orthographic":false}