{"cameraMode":{"drawMode":0,"name":"Shaded","section":"Shading Mode"},"sceneLighting":true,"audioPlay":false,"sceneViewState":{"m_AlwaysRefresh":false,"showFog":true,"showSkybox":true,"showFlares":true,"showImageEffects":true,"showParticleSystems":true,"showVisualEffectGraphs":true,"m_FxEnabled":true},"in2DMode":false,"pivot":{"x":4.437431812286377,"y":5.3109612464904789,"z":-2.122114896774292},"rotation":{"x":-0.19054897129535676,"y":0.46043965220451357,"z":-0.10190441459417343,"w":-0.8609589338302612},"size":2.6240150928497316,"orthographic":false}